OVR,NAME,HOMETOWN,DIVISION,TIME,PACE,GENDER_RANK,DIV_RANK,BIB,GENDER,AGE_GROUP,TIME_MINUTES
1,CASEYMORRISON,"LosAngeles,CA",Male20-29,00:22:47.04,07:21,1,1,8,Male,Male20-29,22.784
2,MELCHICEDECPALACIOS,"Hawthorne,CA",Male40-49,00:23:34.31,07:36,2,1,17,Male,Male40-49,23.571833333333334
3,JUANGARCIA,"Rimforest,CA",Male50-59,00:25:35.38,08:15,3,1,75,Male,Male50-59,25.589666666666666
4,ARIELRODRIGUEZ,"Palmdale,CA",Male40-49,00:26:27.66,08:32,4,2,113,Male,Male40-49,26.461
5,AIDENPALACIOS,"SouthGate,CA",Male19&Under,00:27:05.08,08:44,5,1,209,Male,Male19&Under,27.084666666666667
6,VICTORHUGOAGUIN,"LosAngeles,CA",Male40-49,00:27:23.51,08:49,7,3,193,Male,Male40-49,27.391833333333334
7,JOSIAHPOLHEMUS,"Inglewood,CA",Male20-29,00:27:24.31,08:50,6,2,258,Male,Male20-29,27.405166666666666
8,DAVISLOUIE,"Alhambra,CA",Male30-39,00:28:16.29,09:06,8,1,125,Male,Male30-39,28.2715
9,COSETTESMITH,"CulverCity,CA",Female40-49,00:28:28.17,09:10,1,1,164,Female,Female40-49,28.4695
10,ELIOBARDODUENEZSAUCEDO,"Inglewood,CA",Male40-49,00:28:40.12,09:14,9,4,108,Male,Male40-49,28.668666666666667
11,CAITLINHALLIGAN,"LosAngeles,CA",Female20-29,00:28:49.56,09:17,2,1,157,Female,Female20-29,28.826
12,FRANCISCONAVARRETE,"LosAngeles,CA",Male40-49,00:28:50.27,09:17,10,5,199,Male,Male40-49,28.837833333333332
13,TOMASSCHUGURENSKY,"LosAngeles,CA",Male20-29,00:29:16.16,09:26,11,3,158,Male,Male20-29,29.269333333333332
14,ROGELIOBAUTISTAMORALES,"LosAngeles,CA",Male50-59,00:29:31.02,09:31,12,2,234,Male,Male50-59,29.517
15,VINCENTSOTO,"CulverCity,CA",Male20-29,00:30:13.65,09:44,14,4,228,Male,Male20-29,30.2275
16,FELIPEPEREZ,"Torrance,CA",Male40-49,00:30:15.53,09:45,13,6,237,Male,Male40-49,30.25883333333333
17,JENNIFEROBLINGER,"WinstonSalem,NC",Female40-49,00:30:48.69,09:56,3,2,99,Female,Female40-49,30.8115
18,CESARSALAS,"-,US",Male30-39,00:31:26.46,10:08,15,2,34,Male,Male30-39,31.441
19,STEPHANIELUNA,"LosAngeles,CA",Female30-39,00:31:34.99,10:10,4,1,175,Female,Female30-39,31.583166666666667
20,EMILYGREENAWAY,"CulverCity,CA",Female30-39,00:32:00.01,10:18,5,2,179,Female,Female30-39,32.000166666666665
21,ADANBAUTISTA,"Lynwood,CA",Male30-39,00:32:05.20,10:20,16,3,123,Male,Male30-39,32.086666666666666
22,JOSEFPEREZ,"Torrance,CA",Male19&Under,00:32:08.32,10:21,17,2,238,Male,Male19&Under,32.138666666666666
23,JUSTINCOMMINS,"LosAngeles,CA",Male40-49,00:32:19.83,10:25,18,7,177,Male,Male40-49,32.3305
24,NILTONCARRILLO,"LosAngeles,CA",Male30-39,00:32:23.47,10:26,20,4,106,Male,Male30-39,32.39116666666666
25,STEVENWOODS,"LosAngeles,CA",Male50-59,00:32:23.79,10:26,19,3,14,Male,Male50-59,32.3965
26,HAILEYYI,"PorterRanch,CA",Female30-39,00:32:42.70,10:32,6,3,20,Female,Female30-39,32.711666666666666
27,JENNYROGERS,"CulverCity,CA",Female40-49,00:32:49.16,10:34,7,3,163,Female,Female40-49,32.81933333333333
28,JOECORONEL,"BaldwinPark,CA",Male30-39,00:32:57.26,10:37,22,5,212,Male,Male30-39,32.95433333333333
29,DOUGCRUZ,"MissionHills,CA",Male30-39,00:32:57.79,10:37,21,6,103,Male,Male30-39,32.963166666666666
30,HUGOPENA,"-,US",Male30-39,00:33:11.92,10:42,25,7,43,Male,Male30-39,33.19866666666667
31,JOANMATA,"LosAngeles,CA",Male30-39,00:33:30.99,10:48,23,8,167,Male,Male30-39,33.5165
32,ROBERTSANTIAGO,"BellGardens,CA",Male30-39,00:33:31.01,10:48,24,9,186,Male,Male30-39,33.51683333333333
33,TRISTINMADRIL,"LosAngeles,CA",Female20-29,00:33:53.41,10:55,8,2,87,Female,Female20-29,33.890166666666666
34,DIEGOROBLES,"LosAngeles,CA",Male20-29,00:34:30.49,11:07,26,5,92,Male,Male20-29,34.50816666666667
35,JOHNSCHILLING,"ManhattanBeach,CA",Male50-59,00:34:53.54,11:14,27,4,24,Male,Male50-59,34.89233333333333
36,GARYAMADOR,"LosAngeles,CA",Male20-29,00:35:08.20,11:19,28,6,245,Male,Male20-29,35.13666666666666
37,JESSECAMPOS,"Norwalk,CA",Male30-39,00:35:17.73,11:22,29,10,114,Male,Male30-39,35.2955
38,JUSTINEBELSITOGORDON,"Inglewood,CA",Female30-39,00:35:29.41,11:26,9,4,136,Female,Female30-39,35.49016666666667
39,SNEHILMAHAJAN,"LosAngeles,CA",Male20-29,00:35:46.86,11:32,30,7,180,Male,Male20-29,35.781
40,MARTINAMEIER,"CulverCity,CA",Female50-59,00:36:07.24,11:38,10,1,4,Female,Female50-59,36.120666666666665
41,DAVIDVALADEZ,"Plainfield,IL",Male20-29,00:36:19.43,11:42,32,8,259,Male,Male20-29,36.32383333333333
42,CHRISTOPHERLOERA,"MissionHills,CA",Male30-39,00:36:25.33,11:44,31,11,239,Male,Male30-39,36.42216666666667
43,GEOVANNILARA,"LaMirada,CA",Male40-49,00:36:39.48,11:48,33,8,130,Male,Male40-49,36.658
44,CARLOSCARRILLO,"LosAngeles,CA",Male40-49,00:36:55.10,11:53,34,9,116,Male,Male40-49,36.91833333333334
45,LOHANACHIOVAROU,"Inglewood,CA",Female20-29,00:37:04.64,11:57,11,3,257,Female,Female20-29,37.077333333333335
46,JAKESMITH,"Phoenix,AZ",Male30-39,00:37:04.79,11:57,35,12,216,Male,Male30-39,37.07983333333333
47,JUANORTIZ,"LosAngeles,CA",Male30-39,00:37:33.91,12:06,36,13,162,Male,Male30-39,37.56516666666667
48,KARENMIRAMONTES,"-,US",Female40-49,00:37:38.47,12:07,12,4,51,Female,Female40-49,37.64116666666666
49,JOSHUAWALLACE,"LosAngeles,CA",Male30-39,00:37:48.35,12:11,38,14,247,Male,Male30-39,37.80583333333333
50,BOBBYASKEW,"Compton,CA",Male30-39,00:37:50.55,12:11,39,15,254,Male,Male30-39,37.8425
51,ANSELMOGONZALEZOROZCO,"Inglewood,CA",Male40-49,00:37:57.42,12:14,37,10,194,Male,Male40-49,37.957
52,JANETJENSON,"LaMirada,CA",Female40-49,00:37:57.93,12:14,13,5,198,Female,Female40-49,37.9655
53,MEGANCOX,"CulverCity,CA",Female20-29,00:38:06.58,12:16,14,4,144,Female,Female20-29,38.10966666666667
54,KAYRAIMUNDO,"SunValley,CA",Female20-29,00:38:15.32,12:19,15,5,82,Female,Female20-29,38.25533333333333
55,JOELHINKLEY,"LosAngeles,CA",Male30-39,00:38:31.86,12:25,41,16,226,Male,Male30-39,38.531
56,DYLANMANSOURIAN,"LosAngeles,CA",Male20-29,00:38:41.70,12:28,40,9,183,Male,Male20-29,38.695
57,LAURENMCCONNELL,"Orlando,FL",Female40-49,00:38:42.07,12:28,16,6,246,Female,Female40-49,38.701166666666666
58,BRIANNAHELSLEY,"Valencia,CA",Female20-29,00:38:53.02,12:31,17,6,111,Female,Female20-29,38.88366666666667
59,LUCASLEE,"LosAngeles,CA",Male19&Under,00:38:59.66,12:34,42,3,11,Male,Male19&Under,38.99433333333333
60,EMNETGAMMADA,"Inglewood,CA",Female30-39,00:39:05.19,12:35,18,5,118,Female,Female30-39,39.0865
61,JOHANNLY,"TolucaLake,CA",Male40-49,00:39:32.66,12:44,44,11,127,Male,Male40-49,39.544333333333334
62,ALBERTLICANO,"LongBeach,CA",Male50-59,00:39:38.23,12:46,43,5,233,Male,Male50-59,39.637166666666666
63,NATALIEHARPER,"LosAngeles,CA",Female30-39,00:40:08.11,12:56,20,6,243,Female,Female30-39,40.13516666666666
64,LIZBETHVIDAL,"NorthHollywood,CA",Female20-29,00:40:13.36,12:57,19,7,241,Female,Female20-29,40.22266666666667
65,MARCDONAIRE,"Montebello,CA",Male30-39,00:40:41.85,13:06,45,17,132,Male,Male30-39,40.6975
66,JOHANNANAJERA,"-,US",Female20-29,00:40:46.28,13:08,21,8,49,Female,Female20-29,40.77133333333333
67,KRISTAYLAUAN,"-,US",Female50-59,00:40:48.62,13:09,22,2,52,Female,Female50-59,40.81033333333333
68,PATRICKMULVEY,"LongBeach,CA",Male20-29,00:41:14.21,13:17,46,10,120,Male,Male20-29,41.23683333333334
69,DYLANVILLA,"-,US",Male19&Under,00:41:21.82,13:19,47,4,36,Male,Male19&Under,41.36366666666667
70,MATTHEWPALACIOS,"SouthGate,CA",Male19&Under,00:41:22.25,13:19,49,5,210,Male,Male19&Under,41.37083333333333
71,MELINAQUIJANO,"-,US",Female19&Under,00:41:24.12,13:20,23,1,59,Female,Female19&Under,41.402
72,AMADOVASQUEZ,"SouthGate,CA",Male20-29,00:41:26.59,13:21,48,11,160,Male,Male20-29,41.44316666666667
73,ERICCHAVEZ,"-,US",Male19&Under,00:41:45.02,13:27,50,6,40,Male,Male19&Under,41.75033333333333
74,OSCARHURTADO,"LosAngeles,CA",Male30-39,00:41:46.31,13:27,51,18,81,Male,Male30-39,41.77183333333333
75,RUHABENJAMIN,"Princeton,NJ",Female40-49,00:41:48.07,13:28,25,7,117,Female,Female40-49,41.80116666666667
76,MARINAZELAYA,"LosAngeles,CA",Female50-59,00:41:48.46,13:28,24,3,252,Female,Female50-59,41.80766666666667
77,JANATREADWELL,"LosAngeles,CA",Female60-69,00:42:22.00,13:39,26,1,18,Female,Female60-69,42.36666666666667
78,TERANWILLIAMS,"LosAngeles,CA",Male30-39,00:42:29.87,13:41,52,19,165,Male,Male30-39,42.49783333333333
79,NATASHASWORDS,"LosAngeles,CA",Female50-59,00:42:33.96,13:43,27,4,145,Female,Female50-59,42.566
80,JOSECHICAS,"LosAngeles,CA",Male40-49,00:42:59.35,13:51,55,12,29,Male,Male40-49,42.98916666666667
81,LAURACARASIMU,"Winnetka,CA",Female30-39,00:43:00.45,13:51,30,7,86,Female,Female30-39,43.0075
82,MOHAMMEDFARHOUD,"PlayaVista,CA",Male40-49,00:43:04.58,13:52,54,13,229,Male,Male40-49,43.07633333333333
83,EMILYMIRAMONTES,"-,US",Female40-49,00:43:04.64,13:52,28,8,39,Female,Female40-49,43.077333333333335
84,SARAHICAMPOS,"Norwalk,CA",Female30-39,00:43:07.84,13:53,29,8,115,Female,Female30-39,43.13066666666667
85,VINCENTHUITT,"-,US",Male30-39,00:43:12.40,13:55,53,20,66,Male,Male30-39,43.20666666666666
86,KURTKAMINSKI,"CulverCity,CA",Male30-39,00:43:36.71,14:03,56,21,189,Male,Male30-39,43.61183333333334
87,CHRISTINAKOHFIELD,"RedondoBeach,CA",Female60-69,00:43:40.22,14:04,31,2,89,Female,Female60-69,43.67033333333333
88,ELIZABETHAGUILAR,"Sylmar,CA",Female30-39,00:43:49.77,14:07,32,9,112,Female,Female30-39,43.8295
89,MATHEWSKODIATTE,"LosAngeles,CA",Male30-39,00:43:53.44,14:08,57,22,156,Male,Male30-39,43.89066666666667
90,ALEJANDRAOCHOA,"LosAngelesCommerce,CA",Female30-39,00:43:58.61,14:10,34,10,172,Female,Female30-39,43.97683333333333
91,BROOKERIOS,"LosAngeles,CA",Female40-49,00:43:58.96,14:10,33,9,206,Female,Female40-49,43.98266666666667
92,JUANCCORTES,"LosAngeles,CA",Male30-39,00:44:00.07,14:10,58,23,176,Male,Male30-39,44.00116666666667
93,ANDRESHERNANDEZ,"LosAngeles,CA",Male50-59,00:44:02.95,14:11,60,6,253,Male,Male50-59,44.049166666666665
93,STEVENNGUYEN,"LosAngeles,CA",Male20-29,00:44:02.95,14:11,59,12,230,Male,Male20-29,44.049166666666665
95,ZIYAMORRIS,"ShermanOaks,CA",Female20-29,00:44:21.12,14:17,35,9,76,Female,Female20-29,44.352
96,ALANHOFFMAN,"NorthHollywood,CA",Male30-39,00:44:30.81,14:20,62,24,225,Male,Male30-39,44.5135
97,CHRISCHARBONNET,"Glendale,CA",Male50-59,00:44:31.74,14:20,63,7,90,Male,Male50-59,44.529
98,FERNANDOTRUJILLO,"TempleCity,CA",Male50-59,00:44:37.82,14:22,65,8,19,Male,Male50-59,44.63033333333333
99,CHRISTOPHERGRANT,"LosAngeles,CA",Male30-39,00:44:40.98,14:23,66,25,155,Male,Male30-39,44.683
100,MICHAELPRUITT,"LosAngeles,CA",Male60-69,00:44:41.48,14:24,64,1,235,Male,Male60-69,44.69133333333333
101,BRIANGASPAROTTO,"Hawthorne,CA",Male30-39,00:44:43.34,14:24,61,26,79,Male,Male30-39,44.72233333333333
102,ODILIAHAYS,"Sylmar,CA",Female60-69,00:44:44.36,14:25,37,3,149,Female,Female60-69,44.739333333333335
103,MARIAORTEGAAGUIN,"LosAngeles,CA",Female50-59,00:44:45.59,14:25,36,5,192,Female,Female50-59,44.75983333333333
104,GABRIELACARDENAS,"-,US",Female30-39,00:45:05.49,14:31,38,11,42,Female,Female30-39,45.0915
105,ELISEDESAINTDIDIER,"NorthHollywood,CA",Female40-49,00:45:21.77,14:37,43,10,104,Female,Female40-49,45.362833333333334
106,JOSEJLOPEZ,"LosAngeles,CA",Male30-39,00:45:23.73,14:37,67,27,121,Male,Male30-39,45.3955
107,KARENROBLES,"Montebello,CA",Female30-39,00:45:26.87,14:38,44,12,91,Female,Female30-39,45.447833333333335
108,YOSHARELLISANTILLANO,"Compton,CA",Female19&Under,00:45:27.81,14:38,42,2,205,Female,Female19&Under,45.4635
109,JOCELYNRINCON,"-,US",Female30-39,00:45:28.45,14:39,40,13,48,Female,Female30-39,45.47416666666667
110,JAZMINAGUILAR,"Hawthorne,CA",Female30-39,00:45:29.59,14:39,39,14,200,Female,Female30-39,45.49316666666667
111,YENICEPALACIOS,"SouthGate,CA",Female30-39,00:45:31.65,14:40,41,15,208,Female,Female30-39,45.5275
112,JBGIFKINS,"SanClemente,CA",Female40-49,00:45:46.06,14:44,45,11,13,Female,Female40-49,45.76766666666666
113,NIXONLEE,"LosAngeles,CA",Male19&Under,00:45:55.64,14:47,68,7,10,Male,Male19&Under,45.92733333333334
114,ESTELLACAZAL,"Montebello,CA",Female30-39,00:46:00.65,14:49,46,16,100,Female,Female30-39,46.01083333333333
115,CHRISTOPHERLEE,"LosAngeles,CA",Male40-49,00:46:02.47,14:50,69,14,9,Male,Male40-49,46.04116666666667
116,VIOLETASALINAS,"-,US",Female19&Under,00:46:10.58,14:52,48,3,68,Female,Female19&Under,46.17633333333333
117,ELIZABETHKWON,"LosAngeles,CA",Female40-49,00:46:13.83,14:53,47,12,12,Female,Female40-49,46.2305
118,LUISCRUZ,"LosAngeles,CA",Male30-39,00:46:20.46,14:55,70,28,196,Male,Male30-39,46.341
119,AVATAULERE,"LosAngeles,CA",Female20-29,00:46:31.37,14:59,50,10,7,Female,Female20-29,46.52283333333333
120,SIMONOCON,"Montebello,CA",Male19&Under,00:46:33.51,15:00,73,8,153,Male,Male19&Under,46.5585
121,EMANUELPEREZ,"-,US",Male30-39,00:46:34.08,15:00,72,29,38,Male,Male30-39,46.568
122,ANTHONYFERGUSON,"LosAngeles,CA",Male40-49,00:46:36.73,15:01,71,15,137,Male,Male40-49,46.61216666666667
123,KARLAHELSLEY,"Valencia,CA",Female50-59,00:46:38.33,15:01,49,6,110,Female,Female50-59,46.63883333333333
124,CECILIARIVERA,"Tujunga,CA",Female50-59,00:46:48.11,15:04,51,7,150,Female,Female50-59,46.801833333333335
125,CEIBATRIVEDI,"LosAngeles,CA",Female19&Under,00:46:55.68,15:07,52,4,102,Female,Female19&Under,46.928
126,KESTRELCHAN,"LosAngeles,CA",Female19&Under,00:47:01.80,15:09,53,5,142,Female,Female19&Under,47.03
127,JOSECULAJAY,"CulverCity,CA",Male40-49,00:47:02.22,15:09,75,16,261,Male,Male40-49,47.037
128,OVEDCEBALLOS,"LosAngeles,CA",Male40-49,00:47:06.57,15:10,74,17,96,Male,Male40-49,47.1095
129,ALBERTOCON,"Montebello,CA",Male50-59,00:47:10.97,15:12,76,9,152,Male,Male50-59,47.182833333333335
130,LUZBEDNARCHIK,"Glendale,CA",Female50-59,00:47:19.67,15:15,54,8,22,Female,Female50-59,47.32783333333333
131,DANMCFADDEN,"HuntingtonBeach,CA",Male40-49,00:47:26.33,15:17,77,18,232,Male,Male40-49,47.438833333333335
132,ERICASIMUNOVIC,"CulverCity,CA",Female30-39,00:47:42.19,15:22,56,17,190,Female,Female30-39,47.70316666666667
133,ISAIASPALACIOS,"SouthGate,CA",Male40-49,00:47:44.54,15:23,78,19,211,Male,Male40-49,47.742333333333335
134,ROSALBAGUZMAN,"-,US",Female40-49,00:47:55.98,15:26,55,13,62,Female,Female40-49,47.933
135,ROGERGUIDOS,"Inglewood,CA",Male20-29,00:48:03.11,15:28,79,13,71,Male,Male20-29,48.051833333333335
136,MILTONALLEN,"Palmdale,CA",Male30-39,00:48:06.50,15:30,81,30,242,Male,Male30-39,48.108333333333334
137,ANAMONTES,"LosAngeles,CA",Female50-59,00:48:13.54,15:32,57,9,154,Female,Female50-59,48.22566666666667
138,RAULMUNOZ,"MontereyPark,CA",Male30-39,00:48:22.70,15:35,80,31,185,Male,Male30-39,48.37833333333333
139,OMARGARCIA,"LosAngeles,CA",Male20-29,00:48:24.71,15:35,82,14,93,Male,Male20-29,48.411833333333334
140,ANTHONYRIVAS,"Hawthorne,CA",Male20-29,00:48:25.64,15:36,83,15,140,Male,Male20-29,48.42733333333334
141,YOSSELINGUEVARA,"Maywood,CA",Female40-49,00:48:31.24,15:38,58,14,231,Female,Female40-49,48.52066666666666
142,AMYWORTHINGTON,"-,US",Female60-69,00:48:40.78,15:41,59,4,31,Female,Female60-69,48.67966666666667
143,PAULSEEMAN,"LosAngeles,CA",Male70-79,00:48:51.81,15:44,84,1,181,Male,Male70-79,48.8635
144,CHELLLEJONES,"LaPalma,CA",Female30-39,00:49:05.72,15:49,61,18,201,Female,Female30-39,49.095333333333336
145,VINICIOQUIJANO,"-,US",Male19&Under,00:49:07.10,15:49,85,9,67,Male,Male19&Under,49.11833333333333
146,ROSARIOROSALES,"LosAngeles,CA",Female20-29,00:49:10.07,15:50,60,11,197,Female,Female20-29,49.167833333333334
147,SEBASTIANQUIJANO,"-,US",Male19&Under,00:49:10.60,15:50,86,10,64,Male,Male19&Under,49.17666666666667
148,CARMINADONAIRE,"Montebello,CA",Female50-59,00:49:11.72,15:51,62,10,131,Female,Female50-59,49.19533333333333
149,ELBALUNA,"LosAngeles,CA",Female30-39,00:49:24.69,15:55,64,19,223,Female,Female30-39,49.4115
150,NORMAHERNÃA˛NDEZ,"Maywood,CA",Female40-49,00:49:29.77,15:56,63,15,83,Female,Female40-49,49.49616666666667
151,JACQUELINNEMEJIA,"Downey,CA",Female30-39,00:49:32.47,15:57,69,20,255,Female,Female30-39,49.54116666666667
152,YELLMIGOMEZ,"LosAngeles,CA",Female30-39,00:49:47.47,16:02,65,21,95,Female,Female30-39,49.79116666666667
153,JOANALUNA,"PicoRivera,CA",Female40-49,00:49:53.98,16:04,66,16,138,Female,Female40-49,49.89966666666667
154,JENNYGALLO,"LosAngeles,CA",Female30-39,00:49:58.19,16:06,67,22,240,Female,Female30-39,49.969833333333334
155,ROBERTMORENO,"Alhambra,CA",Male40-49,00:50:10.41,16:09,87,20,178,Male,Male40-49,50.1735
156,JUDYIBARRA,"-,US",Female40-49,00:50:26.01,16:14,68,17,50,Female,Female40-49,50.4335
157,GABBYGONZALEZ,"-,US",Female40-49,00:50:58.37,16:25,70,18,41,Female,Female40-49,50.972833333333334
158,JEREMYROMAN-CAMPOS,"-,US",Male30-39,00:51:11.92,16:29,88,32,47,Male,Male30-39,51.19866666666667
159,RODRIGORODRIGUEZ,"Gardena,CA",Male19&Under,00:51:46.10,16:40,89,11,207,Male,Male19&Under,51.76833333333333
160,LUISGALDAMEZ,"GranadaHills,CA",Male40-49,00:51:50.60,16:42,90,21,133,Male,Male40-49,51.843333333333334
161,SAMEERTRIVEDI,"LosAngeles,CA",Male40-49,00:51:54.12,16:43,92,22,101,Male,Male40-49,51.902
162,GEORGEENACHE,"Winnetka,CA",Male19&Under,00:51:57.35,16:44,91,12,236,Male,Male19&Under,51.95583333333333
163,MARIAVASQUEZ,"SouthGate,CA",Female40-49,00:52:02.78,16:46,71,19,161,Female,Female40-49,52.04633333333334
164,MAYRAPEREZ,"-,US",Female40-49,00:52:04.41,16:46,72,20,58,Female,Female40-49,52.0735
165,BRYANBARRIENTOS,"LosAngeles,CA",Male20-29,00:52:04.59,16:46,93,16,88,Male,Male20-29,52.0765
166,CARLOSBAZ,"VanNuys,CA",Male70-79,00:52:10.74,16:48,95,2,26,Male,Male70-79,52.179
167,SAULQUINTERO,"Perris,CA",Male20-29,00:52:15.70,16:50,94,17,188,Male,Male20-29,52.26166666666666
168,EVELYNNVAZQUEZ,"Perris,CA",Female20-29,00:52:23.80,16:52,74,12,105,Female,Female20-29,52.39666666666667
169,PAMMATSUMOTO,"LaCanadaFlintridge,CA",Female60-69,00:52:26.48,16:53,75,5,173,Female,Female60-69,52.44133333333333
170,JORDANJAMES,"Hawthorne,CA",Male30-39,00:52:28.42,16:54,96,33,135,Male,Male30-39,52.47366666666667
171,LIZZIE#2GONZALEZ,"-,US",Female50-59,00:52:38.12,16:57,73,11,69,Female,Female50-59,52.635333333333335
172,ISRAELCHICAS,"LosAngeles,CA",Male30-39,00:52:41.90,16:58,97,34,70,Male,Male30-39,52.69833333333333
173,SANDRAORTIZ,"NorthHollywood,CA",Female40-49,00:52:45.50,16:59,76,21,213,Female,Female40-49,52.75833333333333
174,LESLIEMARTIN,"Inglewood,CA",Female40-49,00:53:10.87,17:08,77,22,215,Female,Female40-49,53.18116666666667
175,CAYLAMARTIN,"Inglewood,CA",Female19&Under,00:53:13.28,17:08,78,6,217,Female,Female19&Under,53.221333333333334
176,JOSUECALDERON,"LosAngeles,CA",Male30-39,00:53:14.05,17:09,100,35,224,Male,Male30-39,53.23416666666667
177,LEONARDOGARCIA,"NorthHollywood,CA",Male20-29,00:53:17.89,17:10,98,18,222,Male,Male20-29,53.29816666666667
178,GARYSHEV,"LosAngeles,CA",Male60-69,00:53:30.20,17:14,99,2,23,Male,Male60-69,53.50333333333333
179,MATTHEWRAMOS,"Alhambra,CA",Male20-29,00:53:31.66,17:14,101,19,244,Male,Male20-29,53.52766666666667
180,MARIACRUZ,"-,US",Female50-59,00:54:18.85,17:29,79,12,54,Female,Female50-59,54.314166666666665
181,VANESSASANDOVAL,"Glendale,CA",Female40-49,00:54:20.22,17:30,80,23,15,Female,Female40-49,54.337
182,NORAMCFADDEN,"HuntingtonBeach,CA",Female40-49,00:54:25.67,17:32,83,24,84,Female,Female40-49,54.42783333333333
183,JAMILASTEWART,"LosAngeles,CA",Female40-49,00:54:30.04,17:33,81,25,191,Female,Female40-49,54.50066666666667
184,ALYSSAMEMBRENO,"-,US",Female19&Under,00:54:45.95,17:38,82,7,30,Female,Female19&Under,54.76583333333333
185,GABRIELAMARCIAL,"LosAngeles,CA",Female20-29,00:54:53.52,17:41,84,13,187,Female,Female20-29,54.892
186,JAKEGRAHAM,"Pasadena,CA",Male19&Under,00:54:55.38,17:41,102,13,148,Male,Male19&Under,54.923
187,LASAUNDATATE,"LosAngeles,CA",Female40-49,00:55:11.30,17:46,85,26,182,Female,Female40-49,55.18833333333333
188,MARIAROSALES,"LosAngeles,CA",Female30-39,00:55:40.14,17:56,86,23,122,Female,Female30-39,55.669
189,LUISARIVAS,"LosAngeles,CA",Female60-69,00:55:40.94,17:56,87,6,94,Female,Female60-69,55.68233333333333
190,DINAKAPLAN,"Gainesville,FL",Female50-59,00:55:53.15,18:00,116,13,256,Female,Female50-59,55.88583333333333
191,EMILYFLORES,"Pasadena,CA",Female30-39,00:55:55.75,18:01,88,24,251,Female,Female30-39,55.92916666666667
192,SYDNEYMARGETSON,"WoodlandHills,CA",Male50-59,00:55:56.96,18:01,103,10,74,Male,Male50-59,55.949333333333335
193,VIRGINIAMACHADO,"LosAngeles,CA",Female50-59,00:56:11.76,18:06,90,14,195,Female,Female50-59,56.196
194,KARENMARCIAL,"LosAngeles,CA",Female30-39,00:56:13.20,18:06,93,25,139,Female,Female30-39,56.22
195,KELLYWISNIEWSKI,"Banning,CA",Female30-39,00:56:19.48,18:08,92,26,170,Female,Female30-39,56.324666666666666
196,MISHELLBELLOSO,"-,US",Female20-29,00:56:19.85,18:08,89,14,60,Female,Female20-29,56.33083333333333
197,MAYELASALAS,"-,US",Female20-29,00:56:20.27,18:09,91,15,57,Female,Female20-29,56.337833333333336
198,SUNITAHEREDIA,"Torrance,CA",Female40-49,00:56:30.11,18:12,94,27,16,Female,Female40-49,56.50183333333333
199,AMELIAHOLLIS,"LosAngeles,CA",Female50-59,00:56:44.26,18:16,95,15,107,Female,Female50-59,56.73766666666667
200,DONNAFORD,"Venice,CA",Female70-79,00:56:58.88,18:21,96,1,5,Female,Female70-79,56.98133333333333
201,DIANAMACIAS,"Pasadena,CA",Female40-49,00:56:58.95,18:21,98,28,147,Female,Female40-49,56.9825
202,JESSICACRUZ,"LosAngeles,CA",Female30-39,00:57:10.44,18:25,97,27,6,Female,Female30-39,57.174
203,JOSEGARCIA,"SouthGate,CA",Male50-59,00:57:13.33,18:26,104,11,109,Male,Male50-59,57.222166666666666
204,BENJAMINANGEL,"CulverCity,CA",Male30-39,00:57:28.33,18:30,105,36,159,Male,Male30-39,57.472166666666666
205,NABILLAHNAHIM,"LosAngeles,CA",Female30-39,00:57:39.13,18:34,101,28,28,Female,Female30-39,57.652166666666666
206,ESMERALDAROBLESPENA,"Pacoima,CA",Female20-29,00:57:41.16,18:35,99,16,97,Female,Female20-29,57.686
207,JAMALNEAL,"Pacoima,CA",Male30-39,00:57:44.54,18:36,107,37,98,Male,Male30-39,57.742333333333335
208,PATRICKBIVONA,"LosAlamitos,CA",Male80-89,00:57:59.36,18:40,106,1,73,Male,Male80-89,57.989333333333335
209,BRENDAHOLGUIN,"-,US",Female40-49,00:58:07.43,18:43,100,29,32,Female,Female40-49,58.12383333333333
210,JESSICAMIRANDA,"LosAngeles,CA",Female30-39,00:58:09.07,18:44,104,29,204,Female,Female30-39,58.15116666666667
211,NICOLEMONCREE,"Burbank,CA",Female30-39,00:58:09.21,18:44,102,30,168,Female,Female30-39,58.1535
212,MARYJAY-VILLAVICENCIO,"-,US",Female20-29,00:58:15.45,18:46,103,17,56,Female,Female20-29,58.2575
213,ANAORTIZ,"CanogaPark,CA",Female60-69,00:58:33.12,18:51,105,7,221,Female,Female60-69,58.552
214,ANACACAO,"Northridge,CA",Female40-49,00:58:39.57,18:53,107,30,220,Female,Female40-49,58.6595
215,CIRILOGRACIA,"Gardena,CA",Male40-49,00:58:46.83,18:56,108,23,250,Male,Male40-49,58.7805
216,LIZZIEGONZALEZ,"-,US",Female50-59,00:58:47.34,18:56,106,16,53,Female,Female50-59,58.789
217,MICHELLECARASIMU,"Winnetka,CA",Female50-59,00:59:18.54,19:06,108,17,85,Female,Female50-59,59.309
218,ANAHILEMUS,"SanFernando,CA",Female40-49,00:59:30.22,19:10,109,31,218,Female,Female40-49,59.50366666666667
219,ESPERANZALEMUS,"SanFernando,CA",Female20-29,00:59:31.46,19:10,109,18,219,Female,Female20-29,59.52433333333333
220,KALALAHHARVEY,"LosAngeles,CA",Female30-39,00:59:38.46,19:12,112,31,25,Female,Female30-39,59.641
221,SHARLENEDIAZ,"LosAngeles,CA",Female20-29,00:59:43.02,19:14,111,19,146,Female,Female20-29,59.717
222,RACHELRAMIREZ,"Maywood,CA",Female30-39,00:59:47.13,19:15,113,32,260,Female,Female30-39,59.7855
223,JAYMELAVOIE,"-,US",Female60-69,01:00:32.00,19:30,114,8,128,Female,Female60-69,60.53333333333333
224,HELENETOLLIVER,"LosAngeles,CA",Female50-59,01:00:33.45,19:30,115,18,141,Female,Female50-59,60.5575
225,JACQUELINEJACINTO,"-,US",Female50-59,01:01:15.52,19:44,117,19,45,Female,Female50-59,61.25866666666667
226,BRANDONMATEO,"Oxnard,CA",Male30-39,01:01:46.40,19:53,109,38,174,Male,Male30-39,61.77333333333333
227,GABRIELARODRIGUEZ,"Oxnard,CA",Female30-39,01:01:53.81,19:56,118,33,27,Female,Female30-39,61.89683333333333
228,TARAHERNANDEZ,"SouthGate,CA",Female30-39,01:02:07.22,20:00,119,34,249,Female,Female30-39,62.120333333333335
229,EDILBERTOJR.NOCOM,"Fontana,CA",Male50-59,01:02:11.87,20:02,110,12,77,Male,Male50-59,62.197833333333335
230,ATHENASABAL,"LosAngeles,CA",Female40-49,01:02:29.25,20:07,120,32,124,Female,Female40-49,62.4875
231,JANEMOLINA-JUAREZ,"LosAngeles,CA",Female40-49,01:02:48.02,20:13,121,33,169,Female,Female40-49,62.800333333333334
232,SILVERSMITH,"MarinaDelRey,CA",Female30-39,01:03:58.30,20:36,122,35,248,Female,Female30-39,63.971666666666664
233,CELIASOTELO,"-,US",Female40-49,01:04:36.82,20:48,123,34,33,Female,Female40-49,64.61366666666666
234,GRICELDABONILLA,"LosAngeles,CA",Female50-59,01:04:44.81,20:51,124,20,21,Female,Female50-59,64.74683333333333
235,NORMABRISENO,"-,US",Female50-59,01:05:41.40,21:09,125,21,61,Female,Female50-59,65.69
236,JEFFSOTO,"CulverCity,CA",Male50-59,01:06:38.22,21:27,111,13,227,Male,Male50-59,66.637
237,MARIBELMEMBRENO,"-,US",Female50-59,01:07:24.44,21:42,126,22,55,Female,Female50-59,67.40733333333333
238,VEROGONZÃA˛LEZ,"-,US",Female30-39,01:07:33.34,21:45,127,36,65,Female,Female30-39,67.55566666666667
239,SARAHSOTO,"CULVERCITY,CA",Female50-59,01:07:47.15,21:50,128,23,80,Female,Female50-59,67.78583333333333
240,MERCYREYES,"LosAngeles,CA",Female20-29,01:08:29.52,22:03,130,20,166,Female,Female20-29,68.492
241,ARACELYGALICIA,"LosAngeles,CA",Female40-49,01:08:29.66,22:03,129,35,143,Female,Female40-49,68.49433333333333
242,JOHNETTAHALL,"CanyonCountry,CA",Female20-29,01:09:14.13,22:18,131,21,134,Female,Female20-29,69.2355
243,SALLYPEREIRA,"-,US",Female30-39,01:09:52.90,22:30,132,37,63,Female,Female30-39,69.88166666666666
244,GINACALIBOSO,"LosAngeles,CA",Female50-59,01:10:04.31,22:34,133,24,126,Female,Female50-59,70.07183333333333
245,ERIKAVIDAL,"NorthHollywood,CA",Female40-49,01:12:05.04,23:13,135,36,214,Female,Female40-49,72.084
246,ELIZABETHOROZCO,"-,US",Female30-39,01:12:05.08,23:13,134,38,37,Female,Female30-39,72.08466666666666
247,JAHAYRAGALINDO,"-,US",Female30-39,01:12:20.66,23:18,136,39,46,Female,Female30-39,72.34433333333334
248,BRITTANINORA,"Carson,CA",Female30-39,01:12:58.96,23:30,137,40,202,Female,Female30-39,72.98266666666666
249,ALISHAALVAREZ,"SanFernando,CA",Female40-49,01:14:15.96,23:55,138,37,78,Female,Female40-49,74.266
250,LECHELLEJONES,"LaPalma,CA",Female30-39,01:14:30.17,23:59,139,41,203,Female,Female30-39,74.50283333333333
251,AMBERBOLDEN,"LosAngeles,CA",Female20-29,01:15:18.35,24:15,140,22,171,Female,Female20-29,75.30583333333334
252,MITCHKANDER,"ShermanOaks,CA",Male70-79,01:16:05.15,24:30,112,3,129,Male,Male70-79,76.08583333333333
253,NERYMARTINEZ,"Lynwood,CA",Male30-39,01:16:17.96,24:34,113,39,119,Male,Male30-39,76.29933333333334
254,JOHNWILLIAMS,"CulverCity,CA",Male80-89,01:17:23.24,24:55,114,2,151,Male,Male80-89,77.38733333333333
255,JOHANNAGALVAN,"LosAngeles,CA",Female30-39,01:19:42.56,25:40,141,42,184,Female,Female30-39,79.70933333333333
